TOOL,DATASET,THREADS,CPD,MTTKRP,INVERSE,MAT MULT,MAT A^TA,MAT NORM,CPD FIT,IO,SORT,TOTAL,MTTKRP STDV
CHAPEL-DIRECT,NELL-2,1,131.6273,130.1678,0.003,1.1564,0.1627,0.112,0.014,2.4326,129.3457,266.3409,1.22038008833
CHAPEL-DIRECT,NELL-2,2,68.7188,67.9227,0.0043,0.548,0.1649,0.058,0.0085,0.7419,66.1387,137.935,2.31238496146
CHAPEL-DIRECT,NELL-2,4,37.935,37.4097,0.006,0.289,0.1741,0.0343,0.0078,0.4384,35.9135,76.4203,0.735700761179
CHAPEL-DIRECT,NELL-2,8,20.1529,19.7525,0.0091,0.1601,0.1831,0.0251,0.0073,0.2918,21.784,44.3273,0.481183592821
CHAPEL-DIRECT,NELL-2,16,10.9869,10.6372,0.0227,0.086,0.1912,0.0268,0.0085,0.2483,13.0938,26.4205,1.20127305805

