TOOL,DATASET,THREADS,CPD,MTTKRP,INVERSE,MAT MULT,MAT A^TA,MAT NORM,CPD FIT,IO,SORT,TOTAL,MTTKRP STDV
CHAPEL-SLICES,NELL-2,1,5032.3774,5030.8944,0.004,1.1702,0.1628,0.112,0.0144,1.5072,129.785,5166.569,32.3220067112
CHAPEL-SLICES,NELL-2,2,2186.5824,2185.7546,0.0052,0.5478,0.168,0.058,0.0096,0.8358,66.4632,2256.3,47.3094540345
CHAPEL-SLICES,NELL-2,4,1090.8404,1090.2922,0.006,0.2914,0.1742,0.0336,0.0078,0.4368,35.1614,1128.5448,22.4781897705
CHAPEL-SLICES,NELL-2,8,574.647,574.233,0.0098,0.1574,0.1842,0.0246,0.0078,0.293,21.3776,598.4064,2.82633770098
CHAPEL-SLICES,NELL-2,16,292.8536,292.4986,0.023,0.0844,0.191,0.0262,0.009,0.2484,12.9624,308.0974,0.873352758054

