TOOL,DATASET,THREADS,CPD,MTTKRP,INVERSE,MAT MULT,MAT A^TA,MAT NORM,CPD FIT,IO,SORT,TOTAL,MTTKRP STDV
CHAPEL-DIRECT,YELP,1,20.1017,16.4062,0.003,2.9467,0.4132,0.2536,0.0564,0.1517,13.509,34.8496,0.0317704265001
CHAPEL-DIRECT,YELP,2,10.9226,8.9024,0.0046,1.4062,0.4216,0.1271,0.0314,0.0916,7.0988,19.1873,0.176930042672
CHAPEL-DIRECT,YELP,4,5.9932,4.6951,0.0064,0.727,0.4374,0.0736,0.0225,0.051,3.8051,10.8949,0.103047998525
CHAPEL-DIRECT,YELP,8,3.5296,2.5503,0.0097,0.4139,0.4545,0.0473,0.0216,0.0388,2.2956,6.964,0.0365323144627
CHAPEL-DIRECT,YELP,16,2.2554,1.4545,0.024,0.2167,0.4729,0.0411,0.0206,0.0368,1.3444,4.823,0.0244141352499

