TOOL,DATASET,THREADS,CPD,MTTKRP,INVERSE,MAT MULT,MAT A^TA,MAT NORM,CPD FIT,IO,SORT,TOTAL,MTTKRP STDV
CHAPEL-SLICES,YELP,1,566.2886,562.5956,0.004,2.9418,0.4102,0.254,0.0562,0.1858,13.6348,581.1804,0.38542371489
CHAPEL-SLICES,YELP,2,247.5022,245.483,0.0058,1.3944,0.4198,0.126,0.0316,0.0928,7.085,255.6862,3.77957230385
CHAPEL-SLICES,YELP,4,127.9048,126.5966,0.006,0.7368,0.4372,0.074,0.0216,0.0546,3.9582,132.9574,3.01667688691
CHAPEL-SLICES,YELP,8,68.6802,67.7068,0.009,0.404,0.461,0.0474,0.018,0.0386,2.2794,72.1118,2.64376159288
CHAPEL-SLICES,YELP,16,35.686,34.8954,0.0228,0.2082,0.47,0.0406,0.0204,0.0364,1.3318,38.1776,1.27902628589

