TOOL,DATASET,THREADS,CPD,MTTKRP,INVERSE,MAT MULT,MAT A^TA,MAT NORM,CPD FIT,IO,SORT,TOTAL,MTTKRP STDV
CHAPEL,NELL-2,1,121.8171,121.3279,0.004,0.1865,0.1623,0.1103,0.014,1.3946,129.8338,255.9783,2.55962956109
CHAPEL,NELL-2,2,59.7856,59.2106,0.0047,0.2578,0.2248,0.0647,0.0122,0.7478,66.0916,128.9906,1.01600592518
CHAPEL,NELL-2,4,33.4752,33.0003,0.0057,0.185,0.2261,0.039,0.0078,0.4195,36.5709,72.5994,0.333324181541
CHAPEL,NELL-2,8,18.423,18.0099,0.0089,0.1481,0.2073,0.0267,0.0078,0.2929,21.7177,42.5373,0.955847419832
CHAPEL,NELL-2,16,11.0782,9.2878,0.0235,1.4172,0.2122,0.1096,0.01,0.2389,13.04,26.391,0.0950713416335

