TOOL,DATASET,THREADS,CPD,MTTKRP,INVERSE,MAT MULT,MAT A^TA,MAT NORM,CPD FIT,IO,SORT,TOTAL,MTTKRP STDV
CHAPEL,YELP,1,16.7982,15.5612,0.0036,0.4912,0.4099,0.2513,0.0565,0.1549,13.5667,31.6039,0.0162653004891
CHAPEL,YELP,2,9.424,8.0387,0.0047,0.6338,0.5447,0.1432,0.0352,0.0898,7.0891,17.6718,0.662331646534
CHAPEL,YELP,4,6.0996,4.909,0.006,0.4782,0.5745,0.0865,0.0204,0.0556,3.9437,11.1928,0.346429790867
CHAPEL,YELP,8,3.7207,2.7284,0.0096,0.3606,0.5162,0.0575,0.0208,0.0394,2.3039,7.1954,0.201671614264
CHAPEL,YELP,16,3.7783,1.536,0.0244,1.4962,0.5329,0.1317,0.0221,0.0389,1.3428,6.3429,0.0215360163447

